lfd.;Wirtschaftseinheit;Segment - Liegenschaft;Art der Wärmeversorgung;Wärmeverbrauch;Wärmeverbrauch witterungsbereinigt;Stromverbrauch
1;Dominicusstr. 12;Allgemeiner Bestand;Gas;406361;45338;0
2;Albrecht-Achilles-Str. 61 - 64;Allgemeiner Bestand;Fernwärme;638433;712304;187284
3;Alt-Friedrichsfelde 60;Allgemeiner Bestand;Fernwärme;6193990;6910676;2945322
4;Am Köllnischen Park 3 / Rungestraße 29;Allgemeiner Bestand;Fernwärme;1234900;1377786;365837
5;An der Urania 4-10;Allgemeiner Bestand;Fernwärme;880772;982683;97127
6;Auf dem Grat 2 (ehem. Clayallee 138);Allgemeiner Bestand;Gas;406361;45338;132782
7;Belziger Str. 52-58;Allgemeiner Bestand;Gas;53508;59699;228203
8;Bismarckstr. 48;Allgemeiner Bestand;Fernwärme;1375752;1534936;343686
9;Bredtschneiderstr. 5;Allgemeiner Bestand;Fernwärme;7391;824619;227817
10;Brodauer Str. 16-22;Allgemeiner Bestand;Gas;102636;114512;20
11;Brunnenstr. 188-190;Allgemeiner Bestand;Gas;1713553;1911822;402624
12;Bundesallee 171;Allgemeiner Bestand;Fernwärme;3326032;3710876;1878069
13;Buschkrugallee 95;Allgemeiner Bestand;Gas;502685;560849;118097
14;Eichborndamm 208;Allgemeiner Bestand;Fernwärme;82795;923749;341753
15;Fehrbelliner Platz;Allgemeiner Bestand;Fernwärme;10022070;11181690;1439240
16;Ferdinand-Schultze-Str. 55;Allgemeiner Bestand;Fernwärme;560784;62567;191512
17;Friedrich-Krause-Ufer 24,25;Allgemeiner Bestand;Gas;1650607;1841593;487552
18;Friedrichstr. 219;Allgemeiner Bestand;Fernwärme;1468400;1638304;578137
19;Fröbelstr. 15;Allgemeiner Bestand;n/a;2276026;2539377;0
20;Fröbelstr. 17;Allgemeiner Bestand;Fernwärme;3875519;4323942;974381
21;Hanna-Renate-Laurien-Platz 1;Allgemeiner Bestand;Gas;546875;610152;186863
22;Hartmannsweilerweg 63;Allgemeiner Bestand;Gas;302613;337627;183416
23;Havelchaussee 149-151;Allgemeiner Bestand;Gas;106734;119084;469
24;Invalidenstr. 60;Allgemeiner Bestand;Fernwärme;3499834;3904788;1288944
25;Josef-Orlopp-Str. 62;Allgemeiner Bestand;Gas;590858;659224;122694
26;Jüdenstr. 1;Allgemeiner Bestand;Fernwärme;1950560;2176253;966629
27;Juliusstr. 67;Allgemeiner Bestand;Gas;305838;341225;169447
28;Karl-Hofer-Str. 31;Allgemeiner Bestand;n/a;1995928;2226870;2908133
29;Klosterstr. 47;Allgemeiner Bestand;Fernwärme;2628360;2932479;1084931
30;Klosterstr. 59;Allgemeiner Bestand;Fernwärme;1363640;1521422;1478425
31;Klosterstr. 71;Allgemeiner Bestand;Fernwärme;621031;692888;162348
32;Kniprodestr. 31;Allgemeiner Bestand;Fernwärme;0;0;365697
33;Levetzowstr. 1-2;Allgemeiner Bestand;Gas;406806;453876;102019
34;Magdalenenstr. 25;Allgemeiner Bestand;Fernwärme;1607040;1792985;302813
35;Martin-Buber-Str. 20,21;Allgemeiner Bestand;Gas;958046;1068898;237198
36;Martin-Luther-Str. 105;Allgemeiner Bestand;Fernwärme;1416234;1580102;625474
37;Max-Brunnow-Str. 4;Allgemeiner Bestand;Fernwärme;383883;428301;68313
38;Mehringdamm 110;Allgemeiner Bestand;Gas;777122;86704;187079
39;Mehringdamm 22;Allgemeiner Bestand;Gas;617691;689162;23467
40;Mohriner Allee 137;Allgemeiner Bestand;Gas;1252952;1397927;352164
41;Munsterdamm 90 / Planetarium und Sternwarte;Allgemeiner Bestand;Gas;139231;15534;112694
42;Nonnendammallee 21;Allgemeiner Bestand;Fernwärme;1042600;1163236;352821
43;Oranienstr. 106;Allgemeiner Bestand;Fernwärme;1546730;1725697;653106
44;Osloer Str. 37;Allgemeiner Bestand;Gas;94423;1053484;202112
45;Otto-Braun-Str. 70-72 (Haus d. Statistik);Allgemeiner Bestand;n/a;69137;77137;17151
46;Parochialstr. 1-3;Allgemeiner Bestand;Fernwärme;746847;833262;124021
47;Potsdamer Str. 140;Allgemeiner Bestand;Fernwärme;513315;572709;198235
48;Potsdamer Str. 186;Allgemeiner Bestand;Heizöl;877076;97856;104246
49;Potsdamer Str. 61-65;Allgemeiner Bestand;Fernwärme;1191852;1329757;85919
50;Rubensstr. 111;Allgemeiner Bestand;Fernwärme;434942;485268;258388
51;Salzburger Str. 21-25;Allgemeiner Bestand;Fernwärme;1427600;1592783;39774
52;Sarrazinstr. 4;Allgemeiner Bestand;Gas;549426;612998;121214
53;Schloßstr. 58,59;Allgemeiner Bestand;Gas;566513;632062;110809
54;Seelenbinderstr. 99;Allgemeiner Bestand;Gas;1148387;1281263;215267
55;Storkower Str. 134;Allgemeiner Bestand;Fernwärme;1271475;1418593;540824
56;Storkower Str. 97;Allgemeiner Bestand;Fernwärme;438919;489705;163048
57;Straßburger Str. 56;Allgemeiner Bestand;Heizöl;703318;784697;218999
58;Tempelhofer Damm 234;Allgemeiner Bestand;Gas;941265;1050176;210013
59;Turmstr. 21;Allgemeiner Bestand;Fernwärme;9956812;11108881;3632056
60;Turmstr. 22;Allgemeiner Bestand;Fernwärme;293973;327988;207481
61;Turmstr. 86;Allgemeiner Bestand;Fernwärme;553838;617921;149708
62;Müllerstr. 147;externe Mieter ;Fernwärme;39333;438841;706979
63;Neue Jakobstr. 9;externe Mieter ;Fernwärme;848414;946581;24222
64;Adlergestell 782;Feuerwehr ;Heizöl;37546;4189;4545
65;Alt-Biesdorf 58;Feuerwehr ;Gas;216049;241047;25875
66;Alt-Blankenburg 9;Feuerwehr ;Gas;24795;27664;25078
67;Alt-Heiligensee 68;Feuerwehr ;Heizöl;72307;80673;14597
68;Alt-Karow 10,11;Feuerwehr ;Gas;215677;240632;52573
69;Alt-Lübars 12;Feuerwehr ;Gas;4589;51199;7659
70;Alt-Rudow 67,69;Feuerwehr ;Gas;142783;159304;37717
71;Berliner Str. 16;Feuerwehr ;Gas;281609;314193;83681
72;Betckestr. 13;Feuerwehr ;Gas;594867;663697;129212
73;Blenheimstr. 65,67;Feuerwehr ;Fernwärme;112688;125727;17151
74;Borussiastr. 16,17;Feuerwehr ;Gas;393301;438808;72357
75;Charlottenburger Str. 10,12;Feuerwehr ;Gas;752682;839772;16864
76;Danziger Str., Kniprodestr.;Feuerwehr ;n/a;0;0;20
77;Dönhoffstr. 30,31;Feuerwehr ;Gas;295533;329728;45934
78;Dorfstr. 4;Feuerwehr ;Gas;134623;1502;18917
79;Edelweißstr. 35;Feuerwehr ;Fernwärme;47022;52463;24901
80;Edinburger Str. 7;Feuerwehr ;Gas;405355;452257;59159
81;Ferdinand-Schultze-Str. 128,130,132;Feuerwehr ;Fernwärme;158094;176387;65394
82;Feurigstr. 58;Feuerwehr ;Gas;653878;729536;91676
83;Frankenbergstr. 23;Feuerwehr ;Gas;105959;11822;10037
84;Friederikestr. 19;Feuerwehr ;Gas;97125;108363;18041
85;Fürstenwalder Allee 356;Feuerwehr ;n/a;0;0;402624
86;Gasteiner Str. 19-20;Feuerwehr ;Fernwärme;372591;415702;75188
87;Gatower Str. 333;Feuerwehr ;Pellet;123045;137282;20624
88;Godbersenstr. 31;Feuerwehr ;n/a;0;0;5785
89;Goethestr. 7;Feuerwehr ;Gas;386578;431308;59948
90;Gravensteinstr. 9, 4-18;Feuerwehr ;Gas;91748;1023639;155362
91;Groß-Berliner Damm 18;Feuerwehr ;Fernwärme;488391;544901;216994
92;Grunowstr. 18;Feuerwehr ;n/a;0;0;0
93;Hackbuschstr. 65;Feuerwehr ;Gas;180384;201256;37915
94;Hauptstr. 14;Feuerwehr ;Gas;235582;26284;40655
95;Hausvaterweg 16;Feuerwehr ;Gas;229857;256453;46411
96;Heinsestr. 24;Feuerwehr ;Gas;346725;386844;51195
97;Hellersdorfer Str. 143-147;Feuerwehr ;Fernwärme;122048;13617;41511
98;Im Domstift 22;Feuerwehr ;Gas;179803;200607;4705
99;Imkerweg/ Insel Werderchen;Feuerwehr ;n/a;522556;583019;2799052
100;Jagowstr. 31;Feuerwehr ;Gas;776667;866533;9244
101;Johannisthaler Chaussee 222;Feuerwehr ;Fernwärme;439743;490624;103804
102;Josef-Orlopp-Str. 69;Feuerwehr ;Gas;1362664;1520333;13446
103;Katzengraben 1,1a;Feuerwehr ;Gas;1035508;1155323;266044
104;Kirchhofstr. 20;Feuerwehr ;Gas;847717;945803;142519
105;Kladower Damm 367;Feuerwehr ;Gas;632187;705335;535
106;Krampenburger Weg 1,3;Feuerwehr ;Gas;107433;119863;40042
107;Kronprinzessinnenweg 20;Feuerwehr ;Gas;619696;691399;76458
108;Kummerower Ring 80;Feuerwehr ;Fernwärme;239097;266762;79774
109;Linienstr. 128-129;Feuerwehr ;Gas;161207;17986;28438
110;Mädewalder Weg 21,23;Feuerwehr ;Gas;134053;149564;13793
111;Märkische Allee 181, 189;Feuerwehr ;Fernwärme;1115155;1244186;286595
112;Müggelseedamm 178;Feuerwehr ;Gas;237628;265123;40774
113;Mühlenweg 8;Feuerwehr ;Gas;97418;10869;27421
114;Nikolaus-Groß-Weg 2;Feuerwehr ;Gas;3163352;3529373;2582742
115;Nöldnerstr. 36;Feuerwehr ;Fernwärme;33154;3699;7645
116;Oderberger Str. 24,25;Feuerwehr ;Gas;383233;427576;62417
117;Pablo-Picasso-Str. ggü. 49;Feuerwehr ;Fernwärme;987046;1101254;173553
118;Parkstr. 38-39;Feuerwehr ;Gas;991103;1105780;215476
119;Pasewalker Str. 120;Feuerwehr ;Fernwärme;13879;154849;131949
120;Paulsternstr. 34;Feuerwehr ;Fernwärme;102429;114281;313
121;Pölnitzweg 3,5;Feuerwehr ;Fernwärme;146478;163426;2173
122;Rankestr. 10-12;Feuerwehr ;Fernwärme;691289;771276;57606
123;Rathausstr. 70,72;Feuerwehr ;Fernwärme;478349;533697;61031
124;Reinickendorfer Str. 15a-15c;Feuerwehr ;Fernwärme;465782;519676;8232
125;Remstaler Str. 9;Feuerwehr ;Gas;79113;88267;25359
126;Roedernallee 55;Feuerwehr ;Gas;589376;65757;88832
127;Romain-Rolland-Str. 103,105,107;Feuerwehr ;Gas;201443;224752;16367
128;Schieritzstr. 24,26;Feuerwehr ;Fernwärme;143039;15959;2723
129;Schlierseestr. 10;Feuerwehr ;Gas;88432;98664;14471
130;Schmöckwitzer Damm  60;Feuerwehr ;Gas;43005;47981;2524
131;Selchowstr. 4;Feuerwehr ;Gas;142386;158861;20915
132;Semmelweisstr. 83-87;Feuerwehr ;Heizöl;138792;154851;31433
133;Senheimer Str. 69;Feuerwehr ;n/a;0;0;821541
134;Siemensstr. 22;Feuerwehr ;Fernwärme;156;17405;9316
135;Stiftsweg 1a;Feuerwehr ;Fernwärme;175061;195317;31857
136;Suarezstr. 9-10;Feuerwehr ;Fernwärme;763299;851618;151944
137;Südendstr. 18a;Feuerwehr ;Gas;203654;227219;52288
138;Triftstr. 8;Feuerwehr ;Gas;530293;591651;80421
139;Voltairestr. 2;Feuerwehr ;Fernwärme;71637;799259;279154
140;Waltersdorfer Str. 107;Feuerwehr ;Gas;97223;108472;9683
141;Wendenschloßstr. 348 / Werft Bootshaus;Feuerwehr ;n/a;329225;367319;61312
142;Wiener Str. 64;Feuerwehr ;Gas;526173;587055;1358
143;Wilhelm-von-Siemens-Str. 15;Feuerwehr ;Gas;658857;735092;117684
144;Wilmsstr. 19,20;Feuerwehr ;Gas;458618;511683;75692
145;Albert-Kuntz-Str. 61,63,65,67,69,71,73;Flüchtlingsunterbringung ;Fernwärme;1511491;1686381;405037
146;Alt-Moabit 82 B;Flüchtlingsunterbringung ;n/a;0;0;244526
147;Am Beelitzhof 12,14,14A-C,16,16A-C;Flüchtlingsunterbringung ;n/a;345712;385713;13426
148;Brebacher Weg 15;Flüchtlingsunterbringung ;Fernwärme;1214908;1355481;228395
149;Carola-Neher-Str. 65 / Maxie-Wander-Str. 78;Flüchtlingsunterbringung ;Fernwärme;1791411;1998689;165925
150;Eschenallee 3;Flüchtlingsunterbringung ;Gas;2177569;2429528;684513
151;Kiefholzstr. 71, 71 A-C;Flüchtlingsunterbringung ;Gas;663692;740486;197664
152;Kirchhainer Damm 74;Flüchtlingsunterbringung ;Gas;1439454;1606009;122064
153;Kladower Damm 333;Flüchtlingsunterbringung ;Gas;378623;422432;21606
154;Leonorenstr. 33 B;Flüchtlingsunterbringung ;Fernwärme;1569110;1750666;487984
155;Marienfelder Allee 66-80;Flüchtlingsunterbringung ;n/a;0;0;966631
156;Niedstr. 1,2;Flüchtlingsunterbringung ;Gas;2058895;2297123;403933
157;Paul-Schwenk-Str. 3,5,7,9,11,13,15;Flüchtlingsunterbringung ;Fernwärme;1037807;1157888;490262
158;Rudolf-Leonhard-Str. 13, 13 A-F;Flüchtlingsunterbringung ;Fernwärme;1093144;1219628;1184594
159;Salvador-Allende-Str. 89, 91;Flüchtlingsunterbringung ;n/a;0;0;4215
160;Staakener Str. 79;Flüchtlingsunterbringung ;Gas;0;0;0
161;Storkower Str. 133A;Flüchtlingsunterbringung ;n/a;384528;42902;10037
162;Storkower Str. 139 C;Flüchtlingsunterbringung ;Fernwärme;0;0;18041
163;Wartenberger Str. 120, 120 A-F;Flüchtlingsunterbringung ;Fernwärme;1182080;1318855;452843
164;Wassersportallee 56,58;Flüchtlingsunterbringung ;Gas;216292;241318;98214
165;Wittenberger Str. 16, 16 A-C, 18, 18 A-B;Flüchtlingsunterbringung ;Fernwärme;1431473;1597104;33249
166;Wolfgang-Heinz-Str. 45 A-G;Flüchtlingsunterbringung ;Fernwärme;1205840;1345364;1080189
167;Zum Heckeshorn 30;Flüchtlingsunterbringung ;Gas;0;0;18637
168;Alt-Moabit 5;Gerichte ;Fernwärme;521317;581637;101385
169;Altstädter Ring 7;Gerichte ;Fernwärme;377078;420708;155328
170;Amtsgerichtsplatz 1;Gerichte ;Fernwärme;1672841;1866400;244525
171;Brunnenplatz 1;Gerichte ;Fernwärme;1203043;1342243;412586
172;Elßholzstr. 30-33;Gerichte ;Gas;3343553;3730425;630833
173;Grunewaldstr. 66-67;Gerichte ;Gas;1122045;1251873;191079
174;Hardenbergstr. 31;Gerichte ;Fernwärme;1177253;1313469;17385
175;Invalidenstr. 52;Gerichte ;Fernwärme;965394;1077096;272433
176;Karl-Marx-Str. 77;Gerichte ;Fernwärme;727599;811787;128271
177;Kissingenstr. 5,6;Gerichte ;Fernwärme;586255;654089;17839
178;Lehrter Str. 60;Gerichte ;Fernwärme;309202;344979;103861
179;Littenstr. 12-17;Gerichte ;Fernwärme;3746230;4179694;770139
180;Mandrellaplatz 6;Gerichte ;Gas;519734;579871;105816
181;Möckernstr. 128-130;Gerichte ;Gas;1899761;2119576;614694
182;Parkstr. 71;Gerichte ;Gas;598616;66788;616
183;Ringstr. 9;Gerichte ;Gas;687388;766923;84841
184;Roedeliusplatz 1;Gerichte ;Fernwärme;459906;51312;284435
185;Schönstedtstr. 17;Gerichte ;Fernwärme;176335;196738;13
186;Schönstedtstr. 5;Gerichte ;Fernwärme;900857;1005092;365256
187;Tegeler Weg 17-20;Gerichte ;Fernwärme;2005907;2238004;418287
188;Turmstr. 91;Gerichte ;Fernwärme;7624045;8506197;2864081
189;Alfredstr. 11;JVA ;Fernwärme;1467305;1637082;247624
190;Alt-Moabit 12a / JVA Moabit;JVA ;Fernwärme;7551734;8425520;4543235
191;Arkonastr. 56;JVA ;Fernwärme;786249;877223;150881
192;Ernst-Stargardt-Allee 1 / JVA Heidering;JVA ;Fernwärme;4871879;5435587;2281291
193;Friedrich-Olbricht-Damm 16, JVA Plötzensee;JVA ;Gas;25208289;28125055;2164842
194;Friedrich-Olbricht-Damm 17, JVA Plötzensee;JVA ;Gas;22827088;25468333;1344417
195;Friedrich-Olbricht-Damm 40, JSA;JVA ;Gas;0;0;1933128
196;Kiefheider Weg 72;JVA ;Gas;564888;630249;114254
197;Kirchhainer Damm 64 - 66, JAA;JVA ;Gas;1290169;1439450;218285
198;Kisselnallee 19;JVA ;Gas;388621;433587;10241
199;Lehrter Str. 61, JVA Plötzensee;JVA ;Fernwärme;655822;731705;22029
200;Lützowstr. 45, JAA;JVA ;Gas;280546;313007;12265
201;Neuwedeller Str. 4;JVA ;Fernwärme;208;232067;412
202;Niederneuendorfer Allee 140-150;JVA ;Gas;1418871;1583044;201731
203;Ollenhauerstr. 128;JVA ;Gas;259401;289416;102778
204;Robert-von-Ostertag-Str. 2;JVA ;Gas;1580829;1763741;365078
205;Saatwinkler Damm 1A, JVA Plötzensee (JVK);JVA ;Gas;0;0;454646
206;Seidelstr. 39 / JVA Tegel;JVA ;Gas;20225225;22565418;4429908
207;Albrechtstr. 20;Kultur ;Fernwärme;411986;459655;352164
208;Alte Jakobstr. 128;Kultur ;Fernwärme;1515406;1690748;1655026
209;Alt-Treptow 1;Kultur ;Gas;439297;490127;577
210;Am Großen Wannsee 56,58 / Wannsee-Konferenz;Kultur ;Gas;238606;266214;90715
211;Am Köllnischen Park 4 / Marinehaus;Kultur ;Fernwärme;0;0;91931
212;Am Köllnischen Park 5 / Märkisches Museum;Kultur ;Fernwärme;69964;780593;106799
213;Am Sandwerder 5 / Literarisches Colloquium;Kultur ;Gas;299659;334331;69173
214;Bismarckstr. 110 / Schillertheater;Kultur ;Fernwärme;1773073;1978229;1275866
215;Blücherplatz 1 / Amerika-Gedenkbibliothek;Kultur ;Gas;1217010;1357827;6711
216;Breite Str. 30-37, ZLB;Kultur ;Fernwärme;2835560;3163653;1530635
217;Britzer Str. 5 / Topographie des Terrors;Kultur ;Gas;228268;25468;115927
218;Bussardsteig 9 / Brücke - Museum;Kultur ;Gas;454401;506978;156011
219;Chausseestr. 125 / Brecht-Haus;Kultur ;Fernwärme;114235;127453;17651
220;Clauertstr. 11 / Museumsdorf Düppel;Kultur ;Gas;84718;9452;217833
221;Colomierstr. 3 / Liebermann-Villa;Kultur ;Gas;105163;117331;6665
222;Fasanenstr. 23;Kultur ;Fernwärme;99608;111133;33188
223;Friedrichstr. 107 / Friedrichstadtpalast;Kultur ;Fernwärme;1903499;2123746;2491365
224;Gendarmenmarkt 1-2 / Deutscher Dom;Kultur ;Fernwärme;5012;559193;33396
225;Gendarmenmarkt 3-4;Kultur ;Fernwärme;2619596;2922701;24632
226;Genslerstr. 66 / Gedenkstätte Hohenschönhausen;Kultur ;Fernwärme;1124476;1254585;381223
227;Hallesches Ufer 34-38;Kultur ;Fernwärme;254786;284266;134608
228;Herbert-von-Karajan-Str. 1, Philharmonie;Kultur ;Fernwärme;4134980;4613425;3430481
229;Hinter dem Gießhaus 2;Kultur ;Fernwärme;517386;577251;98178
230;Hüttigpfad 16;Kultur ;Fernwärme;46577;51967;9623
231;Kantstr. 11-12 / Theater des Westens;Kultur ;Fernwärme;588942;657086;198235
232;Kantstr. 12 A / Delphi-Filmpalast;Kultur ;Fernwärme;179731;200527;82314
233;Käuzchensteig 8-12 / Kunsthaus Dahlem;Kultur ;Gas;230048;256666;4503
234;Klingelhöferstr. 14 / Bauhaus-Archiv;Kultur ;Fernwärme;472043;526661;57219
235;Klosterstr. 68 / Podewil;Kultur ;Fernwärme;577293;64409;115306
236;Königin-Luise-Str. 49, Domäne Dahlem;Kultur ;Heizöl;508333;56715;341165
237;Kunst im Stadtraum;Kultur ;n/a;1911828;2133039;20624
238;Kurfürstendamm 153;Kultur ;Fernwärme;1258222;1403807;765673
239;Linienstr. 227 / Volksbühne;Kultur ;Fernwärme;1428300;1593564;1211948
240;Luxemburger Str. 20 / Atze Musiktheater;Kultur ;Fernwärme;356979;398284;94672
241;Möckernstr. 26;Kultur ;Fernwärme;1083330;1208678;519606
242;Naunynstr. 27;Kultur ;n/a;81185;90579;20624
243;Nikolaikirchplatz 1 / Nikolaikirche;Kultur ;Fernwärme;21459;239419;787
244;Osloer Str. 102 / Bildhauerwerkstatt;Kultur ;Gas;484975;54109;123303
245;Pariser Platz 8 / Brandenburger Tor;Kultur ;Gas;3923;43769;64035
246;Parkaue 23-29 / Theater an der Parkaue;Kultur ;Fernwärme;1375330;1534465;309321
247;Poststr. 13,14;Kultur ;Fernwärme;389375;434428;111532
248;Poststr. 16 / Ephraimpalais;Kultur ;Fernwärme;204947;228661;8626
249;Poststr. 23 / Knoblauchhaus;Kultur ;Fernwärme;68389;76302;29553
250;Prenzlauer Allee 80;Kultur ;Fernwärme;432253;482268;383566
251;Schloßstr. 1 A / Bröhan-Museum;Kultur ;Fernwärme;75502;842381;74581
252;Schumannstr. 11-14 A / Deutsches Theater;Kultur ;Fernwärme;1938620;2162931;1544691
253;Spandauer Damm 19;Kultur ;Fernwärme;531013;592455;24148
254;Stresemannstr. 110 / Rosenbeet;Kultur ;n/a;;0;234894
255;Stresemannstr. 29-31 / Hebbel am Ufer 1;Kultur ;Fernwärme;474926;529878;225986
256;Thulestr. 77-79;Kultur ;Gas;462693;51623;75027
257;Tiergartenstr. 4;Kultur ;n/a;0;0;396439
258;Trebbiner Str. 8-9;Kultur ;Fernwärme;3152279;3517019;1822829
259;Wrangelstr. 2 / Schlosspark Theater;Kultur ;Fernwärme;22135;246961;158104
260;Alemannenstr. 10;Polizei ;Gas;519632;579757;12123
261;Alt-Biesdorf 33;Polizei ;Gas;203015;226505;5934
262;Alt-Moabit 145;Polizei ;Gas;56973;635652;221798
263;Am Nordgraben 6,7,8;Polizei ;Fernwärme;1165074;1299881;193277
264;Augustaplatz 7;Polizei ;Fernwärme;1851889;2066165;444101
265;Baumschulenstr. 1;Polizei ;Fernwärme;173422;193488;16199
266;Bayernring 44;Polizei ;Fernwärme;844549;942269;138793
267;Berliner Allee 210;Polizei ;Gas;594791;663612;13378
268;Berliner Str. 35;Polizei ;Fernwärme;65314;728712;124983
269;Bernhard-Weiß-Str. 6;Polizei ;Fernwärme;3790320;4228885;2167874
270;Bismarckstr. 111;Polizei ;Fernwärme;376796;420394;162348
271;Brunnenstr. 175;Polizei ;Gas;323254;360657;178725
272;Bulgarische Str. 55;Polizei ;Heizöl;4077;454874;158346
273;Cecilienstr. 92;Polizei ;Fernwärme;3314491;3698000;808745
274;Charlottenburger Chaussee 67,75;Polizei ;Fernwärme;9392759;10479563;2792590
275;Friedenstr. 31-32;Polizei ;n/a;0;0;217768
276;Friesenstr. 16;Polizei ;Gas;10795314;12044404;3234933
277;Gallwitzallee 87,95;Polizei ;Gas;10391731;11594123;1989021
278;Gothaer Str. 19;Polizei ;Fernwärme;1947956;2173347;541648
279;Götzstr. 6;Polizei ;Gas;626705;699219;165136
280;Grünauer Str. 140;Polizei ;Gas;1615108;1801987;266713
281;Hadlichstr. 37;Polizei ;Gas;51607;575783;102816
282;Hauptstr. 45;Polizei ;Fernwärme;518275;578243;142493
283;Hauptstr. 8;Polizei ;Fernwärme;135036;150661;96
284;Heinrich-Grüber-Str. 35;Polizei ;Fernwärme;61343;684408;18955
285;Idastr. 6;Polizei ;Gas;241754;269727;68943
286;Invalidenstr. 57,58;Polizei ;Fernwärme;835904;932624;31366
287;Kaiserdamm 1;Polizei ;Fernwärme;1362664;1520333;33028
288;Karlstr. 8;Polizei ;Fernwärme;116597;130088;133724
289;Keithstr. 28;Polizei ;Fernwärme;1336370;1490997;260299
290;Koenigsallee 75;Polizei ;n/a;300031;334746;81546
291;Königstr. 5;Polizei ;Gas;1788931;1995922;330945
292;Kruppstr. 15;Polizei ;Fernwärme;272265;303768;14969
293;Kruppstr. 2-4;Polizei ;Fernwärme;9970422;11124066;1680107
294;Lichtenrader Damm 211;Polizei ;Gas;356979;398284;15383
295;Magazinstr. 5;Polizei ;Fernwärme;98736;1101604;216459
296;Marktstr. 13;Polizei ;Gas;198235;221172;44
297;Mertensstr. 140;Polizei ;Gas;649917;725117;12806
298;Moritzstr. 10;Polizei ;Gas;1155965;1289718;254993
299;Neues Ufer 1;Polizei ;Gas;140483;156738;8154
300;Nipkowstr. 23;Polizei ;Gas;17565;195973;44415
301;Nöldnerstr. 35;Polizei ;Fernwärme;360709;402445;279498
302;Pablo-Picasso-Str. 4;Polizei ;Fernwärme;88468;987043;173553
303;Pankstr. 28;Polizei ;Fernwärme;1615998;1802980;719239
304;Pionierstr. 160,204;Polizei ;Gas;145703;162562;7453
305;Poelchaustr. 1;Polizei ;Fernwärme;812766;906808;422749
306;Radelandstr. 21;Polizei ;Gas;8159321;9103408;1979917
307;Rudolstädter Str. 79,85;Polizei ;Fernwärme;934943;1043122;277471
308;Ruppiner Chaussee 240,268;Polizei ;Gas;12764681;14241639;1297984
309;Schmidt-Knobelsdorf-Str. 27;Polizei ;Fernwärme;240388;268202;100921
310;Segelfliegerdamm 42;Polizei ;Fernwärme;322602;359929;132164
311;Sewanstr. 262;Polizei ;Fernwärme;292062;325856;7635
312;Sonnenallee 107;Polizei ;Fernwärme;481;536655;191092
313;Tempelhofer Damm 12;Polizei ;Fernwärme;5300639;5913958;3762303
314;Thomas-Dehler-Str. 4;Polizei ;Fernwärme;0;0;54149
315;Wackenbergstr. 81;Polizei ;Gas;13268;148032;30282
316;Wedekindstr. 10;Polizei ;Fernwärme;1684111;1878974;378294
317;Zwickauer Damm 58;Polizei ;Gas;419257;467768;138872
318;Albrechtstr. 27;Schulen ;Fernwärme;122821;137032;785
319;Allee der Kosmonauten 18;Schulen ;Fernwärme;259401;289416;197205
320;Alt-Moabit 10;Schulen ;Fernwärme;1186992;1324335;571617
321;Alt-Stralau 40-41;Schulen ;Fernwärme;135928;151656;13665
322;Am Fort 48 D;Schulen ;Gas;195781;218434;98334
323;Birkenstr. 11;Schulen ;Gas;1407591;1570458;197527
324;Bismarckstr. 20;Schulen ;Fernwärme;1214985;1355567;194627
325;Bochumer Str. 8;Schulen ;Fernwärme;1262008;1408031;244442
326;Buschallee 23a;Schulen ;Fernwärme;1615721;1802671;636045
327;Cyclopstr. 1-7;Schulen ;Fernwärme;3265670;3643530;1038948
328;Dammweg 216;Schulen ;Fernwärme;200444;223637;48539
329;Danckelmannstr. 25-28;Schulen ;Fernwärme;1336144;1490745;306394
330;Darßer Str. 97;Schulen ;Fernwärme;1072883;1197023;286827
331;Derfflinger Str. 7,8;Schulen ;Gas;2124825;2370681;25078
332;Driesener Str. 22;Schulen ;Gas;1181745;1318481;15439
333;Dudenstr. 35-37;Schulen ;Gas;1489489;1661833;356284
334;Erbeskopfweg 6-10;Schulen ;Gas;301712;336622;49862
335;Erich-Weinert-Str. 103;Schulen ;Fernwärme;1352308;1508779;425566
336;Fischerstr. 32;Schulen ;Fernwärme;34793;388188;59557
337;Fischerstr. 36;Schulen ;Fernwärme;2422736;2703063;48414
338;Florastr. 13;Schulen ;Gas;331918;370323;53761
339;Fritz-Lesch-Str. 35;Schulen ;Fernwärme;1782239;1988456;789709
340;Gierkeplatz 1,3;Schulen ;Fernwärme;1028944;1148000;279087
341;Goldbeckweg 8-14;Schulen ;Gas;2882368;3215877;587194
342;Goltzstr. 43-44;Schulen ;Gas;111262;124136;14595
343;Gustav-Adolf-Str. 66;Schulen ;Fernwärme;1755861;1959026;769923
344;Haarlemer Str. 27;Schulen ;Gas;2195696;2449753;1179999
345;Halemweg 24;Schulen ;Fernwärme;2636102;2941116;441246
346;Hartmannsweilerweg 29;Schulen ;Gas;1541965;1720381;256985
347;Helmholtzstr. 37;Schulen ;Fernwärme;898975;1002992;252613
348;Hermann-Hesse-Str. 34,36;Schulen ;Gas;924544;1031520;533
349;Immenweg 6-10;Schulen ;Fernwärme;3572560;3985929;1135474
350;Klixstr. 6-7;Schulen ;Gas;473584;528381;124036
351;Kniprodestr. 27;Schulen ;Gas;1134829;1266136;167825
352;Kochstr. 9;Schulen ;Fernwärme;51833;578304;586798
353;Kühleweinstr. 5;Schulen ;Gas;2475462;2761889;1333269
354;Leinestr. 37-45;Schulen ;Fernwärme;794;885871;132169
355;Levetzowstr. 3,5;Schulen ;Gas;1666806;1859667;207703
356;Lippstädter Str. 9-11;Schulen ;Gas;1683549;1878347;304686
357;Lipschitzallee 25;Schulen ;Fernwärme;1878352;2095690;14954
358;Lobeckstr. 76;Schulen ;Fernwärme;2069770;2309256;519299
359;Loschmidtstr. 19;Schulen ;Fernwärme;515124;574727;77845
360;Mandelstr. 6-8;Schulen ;Fernwärme;719834;803124;118152
361;Marktstr. 2-3;Schulen ;Gas;820987;915981;114616
362;Marzahner Chaussee 231;Schulen ;Fernwärme;833606;93006;111035
363;Naglerstr. 1-3;Schulen ;Fernwärme;970349;1082625;170974
364;Nauener Str. 13 (ehm. Altonaer Str. 104);Schulen ;Heizöl;99969;111536;7788
365;Niederwallstr. 6,7;Schulen ;Fernwärme;265345;296047;824
366;Nonnendammallee 140-143;Schulen ;Fernwärme;3282380;3662173;1047683
367;Oschatzer Ring 13;Schulen ;Fernwärme;40541;45232;1266
368;Osloer Str. 23-26;Schulen ;Gas;1869406;2085709;489033
369;Ostpreußendamm 40;Schulen ;Gas;597137;66623;95975
370;Pappelallee 30-31;Schulen ;Gas;381703;425869;509
371;Persiusstr. 7-9;Schulen ;Fernwärme;325875;363581;1515
372;Peter-Weiss-Gasse 8;Schulen ;Fernwärme;615517;686736;177181
373;Pfalzburger Str. 22,23;Schulen ;Fernwärme;615544;686767;73883
374;Pfalzburger Str. 30;Schulen ;Fernwärme;702793;784111;253983
375;Prinzregentenstr. 32,35;Schulen ;Fernwärme;697802;778542;150039
376;Prinzregentenstr. 60;Schulen ;Fernwärme;1042406;1163019;250214
377;Rheinsberger Str. 4-5;Schulen ;Gas;1281017;1429240;65297
378;Rudower Str. 184;Schulen ;Gas;1747708;1949929;729453
379;Scharfenberg (Insel);Schulen ;Gas;2173101;2424543;259063
380;Schillerstr. 120;Schulen ;Fernwärme;709728;791848;279093
381;Schwyzer Str. 6-8;Schulen ;Fernwärme;1373300;1532200;905055
382;Steinmetzstr. 79;Schulen ;Fernwärme;907951;1013007;57414
383;Straßmannstr. 14-16;Schulen ;Fernwärme;947658;1057308;173023
384;Teltower Damm 87-101 (ungerade);Schulen ;Gas;8161947;9106339;1077075
385;Wollenbergerstr. 1;Schulen ;Fernwärme;20943;233662;1163112
386;Wrangelstr. 98;Schulen ;Fernwärme;3159390;3524952;473323
